peptide,true_label,resnet_pred,mhcflurry_pred,mhcflurry_rank,mhcflurry_affinity_nM,resnet_correct,mhcflurry_correct
VYVKEWHPD,NB,NB,NB,36.933125,29200.59,True,True
MIQRLHKNK,NB,NB,NB,19.725125,24732.08,True,True
QMWRTDSSV,SB,SB,SB,0.413125,59.62,True,True
CAKQNSTST,NB,NB,NB,20.3825,25200.41,True,True
HIFHLPHAI,SB,SB,SB,0.345875,48.78,True,True
SQKDFVPYV,SB,SB,SB,0.067,17.18,True,True
IMWWDLVYM,SB,SB,SB,0.15975,26.14,True,True
SQKSTMYKV,WB,WB,WB,0.5715,90.8,True,True
YMYPGTPYP,SB,SB,SB,0.4475,66.07,True,True
GKCKNTGMD,NB,NB,NB,61.68125,32006.17,True,True
CCFACRTHW,NB,NB,NB,19.1105,24478.19,True,True
NYMDCYHTL,WB,NB,WB,1.8985,1237.83,False,True
IMCLIVALI,SB,SB,SB,0.417,60.49,True,True
MMVPCVCCD,NB,WB,NB,5.793125,10805.62,False,True
RVTKQMIYV,SB,WB,SB,0.485625,73.49,False,True
SIFIGWEPA,WB,WB,WB,1.225625,405.32,True,True
FQSRLANME,NB,NB,NB,16.9735,23485.68,True,True
GSNMENHYE,NB,NB,NB,31.686,28216.83,True,True
FIWPRINET,SB,SB,SB,0.476875,71.77,True,True
KLWPFPYMF,WB,WB,WB,0.834625,174.6,True,True
NIDVYNCVY,NB,NB,NB,6.296,11914.53,True,True
FMHFYEVPA,SB,SB,SB,0.13775,23.84,True,True
ILNIEFYEI,SB,WB,SB,0.192375,29.85,False,True
LMPDVWRIV,SB,SB,SB,0.390375,55.77,True,True
KVHITINPH,NB,NB,NB,19.725125,24992.1,True,True
HCEPMQVMS,NB,NB,NB,25.389875,26737.31,True,True
YEMQCNIKL,WB,WB,WB,1.2515,426.97,True,True
KGDPTICRW,NB,NB,NB,11.724625,19773.12,True,True
VTPGVWITK,NB,NB,NB,7.05025,13382.21,True,True
MSSAHNYAL,WB,WB,WB,1.60275,805.85,True,True
ATFAQHAPV,WB,WB,WB,0.6455,110.94,True,True
VVASRAMSL,WB,WB,WB,1.9915,1401.07,True,True
VNIDWCFLA,WB,WB,WB,1.8985,1242.92,True,True
WLPPFNVNI,SB,WB,SB,0.202,30.73,False,True
KMCHKIHGI,SB,SB,SB,0.14725,24.76,True,True
ALYGTSSYC,WB,WB,WB,1.25775,432.88,True,True
FLYCGWIIL,SB,SB,SB,0.081,18.52,True,True
SLCYFMSRL,SB,WB,SB,0.337375,47.63,False,True
PLHEVNFNV,WB,SB,WB,0.813875,166.62,False,True
FVDANWTEI,WB,SB,WB,0.5715,91.35,False,True
GSFKDFCFI,WB,WB,WB,1.62525,828.76,True,True
IMISALIVT,WB,WB,WB,0.928125,216.61,True,True
VFCARSQWS,NB,NB,NB,49.96275,30979.05,True,True
LMAFITIAM,SB,SB,SB,0.29925,42.05,True,True
WIPEEFFAV,SB,SB,SB,0.110375,21.14,True,True
VNFQFFLPV,WB,WB,WB,1.361125,523.78,True,True
MLQHTPLFV,SB,SB,SB,0.03825,14.5,True,True
CLTSACHMV,SB,SB,SB,0.46125,69.02,True,True
YQYVWINYA,SB,WB,SB,0.1535,25.37,False,True
RIKQYAFQV,WB,WB,WB,0.720125,134.51,True,True
RQGPQSVMV,WB,WB,WB,1.11825,324.97,True,True
GLNAHVNNM,WB,WB,WB,1.23525,413.96,True,True
RLLGMFMRM,SB,WB,SB,0.40875,58.95,False,True
ALGYEYFIV,SB,WB,SB,0.34875,49.06,False,True
GICDMAANV,WB,WB,WB,0.526625,81.6,True,True
YIGPEVPTV,SB,SB,SB,0.03675,14.22,True,True
QMCWWPMYV,SB,SB,SB,0.041125,14.74,True,True
EMMCFLYYS,WB,WB,WB,1.347,516.87,True,True
NLLIKRCNV,WB,WB,WB,1.8765,1204.38,True,True
QQLQLMGFI,WB,WB,WB,1.297625,466.7,True,True
GMYWVMQVR,NB,WB,NB,6.015625,11217.66,False,True
CEMFSNHCR,NB,NB,NB,17.476875,23857.19,True,True
FVNFWAKLL,WB,WB,WB,1.670875,896.75,True,True
MQHGNVWMI,SB,SB,SB,0.373,53.13,True,True
DMWPHTDKF,NB,WB,NB,3.455625,4841.63,False,True
FENIRASHR,NB,NB,NB,23.491125,26335.32,True,True
WQQHSNWEI,WB,WB,WB,1.617,818.13,True,True
LLRSKMFNV,SB,SB,SB,0.432375,62.77,True,True
VTQWIKFTV,WB,WB,WB,1.38875,553.97,True,True
ATIAQNGMK,NB,NB,NB,15.642,22897.63,True,True
TEYKSQNQA,NB,NB,NB,11.505,19685.49,True,True
QVDHKLRYV,WB,WB,WB,1.3355,503.11,True,True
HVIVKGRCY,NB,NB,NB,19.725125,24993.37,True,True
VSINEKFYR,NB,NB,NB,12.432875,20569.09,True,True
RDKLYRSLI,NB,NB,NB,16.061125,23115.0,True,True
ALFNINGDV,SB,SB,SB,0.4365,63.68,True,True
FMYQWECYL,SB,SB,SB,0.00675,11.03,True,True
KLAIMSLVM,WB,WB,WB,1.739,981.46,True,True
FAAWHTRWT,NB,WB,NB,6.7545,12790.39,False,True
WDRERSMKF,NB,NB,NB,20.3825,25019.78,True,True
RLNSLTPHV,SB,SB,SB,0.041625,14.84,True,True
DILDYCPEI,WB,SB,WB,1.437625,603.08,False,True
LALGNLWRA,WB,WB,WB,0.962625,233.06,True,True
FLKALKIGM,WB,WB,WB,1.342125,510.78,True,True
VVQYMWAQV,NB,WB,NB,3.0645,3821.61,False,True
LIPATWKLH,NB,NB,NB,24.402625,26499.18,True,True
IMASMDFEI,SB,SB,SB,0.081,18.51,True,True
YICIFMGYM,WB,WB,WB,1.46125,632.16,True,True
EYICIKDTS,NB,NB,NB,39.067375,29664.41,True,True
FIPRCEPLM,WB,WB,WB,1.71425,955.81,True,True
VDMHPNGTW,NB,NB,NB,21.082875,25519.35,True,True
CRPYLTEQH,NB,NB,NB,53.486625,31288.02,True,True
WLPCLVEAT,WB,WB,WB,1.412375,581.43,True,True
DQPGWTRGS,NB,NB,NB,24.402625,26574.08,True,True
YIVWCHPII,WB,WB,WB,0.587125,94.94,True,True
GLEPWAITV,SB,SB,SB,0.306375,43.09,True,True
RLYSCMWQA,SB,SB,SB,0.03975,14.52,True,True
TALFWIYHV,SB,SB,SB,0.2145,32.03,True,True
VVPIQEWND,NB,NB,NB,21.836,25605.72,True,True
KTYGKLNSI,SB,WB,SB,0.48925,74.46,False,True
LLPTSEQMI,WB,WB,WB,1.590125,781.36,True,True
WGTGHYWDN,NB,NB,NB,39.067375,29723.07,True,True
NGFVICHCD,NB,NB,NB,24.402625,26593.63,True,True
RYAQVIVLK,NB,NB,NB,10.046875,17911.98,True,True
YLTDFCTIS,WB,WB,WB,1.22125,399.73,True,True
FLCPDCDWI,SB,SB,SB,0.29925,42.16,True,True
KQFESWCTV,SB,SB,SB,0.16225,26.45,True,True
FMAPKMGAT,SB,SB,SB,0.4645,69.17,True,True
VKTVAHNNS,NB,NB,NB,76.29275,33029.11,True,True
TIVWIFPNI,SB,SB,SB,0.4935,75.12,True,True
HLPDKAQYA,WB,WB,WB,0.612375,101.12,True,True
ATFHFRFYA,WB,WB,WB,0.813875,167.0,True,True
KSCAREITN,NB,NB,NB,28.87425,27648.95,True,True
KIDAPLEKM,WB,WB,WB,0.813875,166.34,True,True
PHYHDVSQQ,NB,NB,NB,53.486625,31357.89,True,True
GLYWFWAMM,WB,SB,WB,1.22125,401.5,False,True
CNMRNMRIQ,NB,NB,NB,43.934125,30186.51,True,True
FTMYIGSYV,SB,WB,SB,0.077625,18.22,False,True
GLLENIYDV,SB,SB,SB,0.03975,14.65,True,True
FLWIDDIKA,SB,WB,SB,0.23575,34.64,False,True
AMMHYVWQG,WB,WB,WB,0.559125,87.99,True,True
FLHGNEVNL,SB,SB,SB,0.198625,30.63,True,True
VEAIIGNEC,NB,NB,NB,9.169625,16914.47,True,True
FYLCCCEHM,NB,NB,NB,3.845375,5864.62,True,True
YLECTYPDM,WB,WB,WB,1.329875,498.02,True,True
EPFDGECCM,NB,NB,NB,13.856625,21570.9,True,True
CGKMMACSP,NB,NB,NB,25.389875,26803.45,True,True
QLYTPFFVC,NB,WB,NB,3.284375,4374.93,False,True
AAECIHRDF,NB,NB,NB,23.491125,26185.35,True,True
SILKCSFDV,SB,SB,SB,0.319875,45.14,True,True
KIMEKCNHL,SB,SB,SB,0.334125,46.8,True,True
CQTIYCTPN,NB,NB,NB,25.389875,26780.89,True,True
GVIVCQTKR,NB,NB,NB,13.229625,21108.84,True,True
KMMAFMINM,SB,SB,SB,0.15575,25.61,True,True
HEAKNSGTM,NB,NB,NB,10.9095,18879.57,True,True
YMCDTLQMI,SB,SB,SB,0.027125,13.44,True,True
CLDDPDEVM,WB,WB,WB,0.9,202.93,True,True
MCGNAEWYS,NB,NB,NB,22.627125,26005.27,True,True
MLVHKGWRD,NB,WB,NB,13.229625,21098.83,False,True
WIFCCIWYM,SB,SB,SB,0.309625,43.69,True,True
HQLMWFWFV,SB,SB,SB,0.174375,27.97,True,True
RMWSHWEMF,WB,WB,WB,1.729875,973.81,True,True
AQHCWAHKV,SB,WB,SB,0.225625,33.77,False,True
SVKFHAKAS,NB,NB,NB,33.268375,28476.18,True,True
YQGESSENV,SB,SB,SB,0.413125,59.68,True,True
HMSPEAYVL,SB,SB,SB,0.35225,49.68,True,True
NPTGGDHHV,NB,NB,NB,8.53975,16004.96,True,True
EQIEPQLQY,NB,NB,NB,4.01775,6324.72,True,True
CMATPHWNV,SB,SB,SB,0.24275,35.59,True,True
MMHVGADGA,WB,WB,WB,1.056375,288.08,True,True
VPSWPQSEY,NB,NB,NB,28.87425,27642.32,True,True
FSSDVCRVV,WB,WB,WB,1.017,262.46,True,True
MRSTWLMAI,NB,WB,NB,3.967625,6201.83,False,True
MLVCNPYYA,SB,SB,SB,0.047125,15.46,True,True
GAVDRVAWI,WB,WB,WB,1.617,820.45,True,True
QDWYSAWQM,NB,NB,NB,11.31575,19450.67,True,True
MALEQMPHI,SB,SB,SB,0.29925,42.15,True,True
TTMTDPEFV,WB,WB,WB,0.942125,224.2,True,True
KMQPTELRV,SB,SB,SB,0.3145,43.85,True,True
AGKCELDIR,NB,NB,NB,17.982,24108.84,True,True
IWCAHDRNV,NB,NB,NB,10.046875,17989.02,True,True
MMVPPFKPL,SB,SB,SB,0.1445,24.43,True,True
SIQVVKQYM,NB,NB,NB,3.992375,6282.07,True,True
KLDFDLPET,WB,SB,WB,0.843625,178.43,False,True
DSVGLVDTW,NB,NB,NB,15.24975,22554.14,True,True
FQNNRYTEL,WB,SB,WB,0.72975,137.37,False,True
RLPAPLPNC,WB,WB,WB,1.2515,429.34,True,True
LAMYFIPKL,WB,WB,WB,0.68275,121.67,True,True
HLGPLDMLV,SB,SB,SB,0.223,33.22,True,True
YVYWWTGII,WB,SB,WB,0.591,95.88,False,True
FSSDWGPNV,SB,SB,SB,0.185875,29.11,True,True
FVWRHIILT,WB,WB,WB,0.603,99.27,True,True
EKYVKMLKF,NB,NB,NB,28.87425,27733.14,True,True
YLINLIHKM,SB,SB,SB,0.0455,15.2,True,True
HMMSMYVSI,SB,SB,SB,0.09425,19.78,True,True
AMSGRMAGT,WB,WB,WB,1.492375,667.47,True,True
FNIKVKQGV,NB,WB,NB,2.295125,1983.9,False,True
FMYIYEHHI,SB,SB,SB,0.015375,12.14,True,True
HFRLDVGLR,NB,NB,NB,25.389875,26772.17,True,True
NQIEVVHRL,SB,SB,SB,0.278125,39.35,True,True
GEWDFQTRI,WB,WB,WB,1.609,815.73,True,True
NHLFTEAFV,NB,WB,NB,12.951,20991.34,False,True
DKTVQFPLC,NB,NB,NB,36.933125,29124.91,True,True
MSDHTEVFV,WB,WB,WB,1.246875,422.91,True,True
AIYDIGMHV,SB,SB,SB,0.055875,16.31,True,True
HPCVSWRDG,NB,NB,NB,43.934125,30179.79,True,True
MLERMFDQL,WB,WB,WB,0.66525,116.43,True,True
SMAYCCYSW,NB,WB,NB,5.315625,9740.8,False,True
LLTIWLELV,SB,SB,SB,0.110375,21.02,True,True
ILAQFGCIM,WB,WB,WB,1.347,512.92,True,True
AGNEKHPRT,NB,NB,NB,24.402625,26639.92,True,True
AQVQLAKQI,WB,WB,WB,1.665625,883.18,True,True
ACWWHTHKL,WB,WB,WB,1.631,835.86,True,True
AMSEYLYLI,SB,SB,SB,0.002875,10.54,True,True
VVWFDFKYI,WB,WB,WB,1.474375,644.6,True,True
HKIIPGYTV,NB,WB,NB,10.374125,18278.63,False,True
DSKMIVIVE,NB,NB,NB,26.4525,27050.91,True,True
RESCPNYCV,NB,WB,NB,4.98175,8853.71,False,True
HMIGCFVDI,SB,SB,SB,0.245625,35.9,True,True
FLNAYPRCI,SB,WB,SB,0.390375,55.69,False,True
MQNEQWPPV,SB,SB,SB,0.254125,36.47,True,True
ICWDKNFLR,NB,NB,NB,7.05025,13447.46,True,True
CQFSSFHLT,WB,WB,WB,1.883625,1208.08,True,True
TLCMWDMNV,SB,SB,SB,0.35225,49.77,True,True
NVKFWSVME,NB,NB,NB,35.019625,28992.68,True,True
TMRGACNPL,WB,WB,WB,1.805125,1088.76,True,True
MLQQLISLA,SB,SB,SB,0.274375,38.99,True,True
WLRTIPARA,WB,WB,WB,1.883625,1206.36,True,True
YIDRCLQAV,SB,SB,SB,0.1715,27.68,True,True
VRDFDVNMY,NB,NB,NB,15.24975,22453.49,True,True
GLMAAIMMA,SB,WB,SB,0.174375,27.88,False,True
SCHYTIYYW,NB,NB,NB,24.402625,26419.32,True,True
NTVRRLIKT,NB,WB,NB,12.951,20884.22,False,True
MEHHFSSRG,NB,NB,NB,31.686,28383.39,True,True
CLMDHFWLM,SB,SB,SB,0.03975,14.57,True,True
TKWDASSAA,NB,NB,NB,14.512625,21960.8,True,True
KATCSLWNI,WB,WB,WB,1.68575,918.45,True,True
KIFQDSFIT,WB,WB,WB,1.883625,1212.44,True,True
VMSDNVQYT,WB,SB,WB,0.504375,77.27,False,True
HQFTCFNAA,WB,WB,WB,1.784625,1051.4,True,True
WCINVCSPS,NB,NB,NB,13.53725,21467.75,True,True
PQDIKYNSN,NB,NB,NB,36.933125,29229.56,True,True
LMDFKGYYI,SB,SB,SB,0.15725,26.02,True,True
GQIWFFCPM,WB,WB,WB,0.9325,218.38,True,True
FTDCVFMVV,SB,SB,SB,0.401625,57.84,True,True
SMHDEPAEA,SB,WB,SB,0.40575,58.48,False,True
DQEGKADCA,NB,NB,NB,18.52725,24338.93,True,True
WYDMDKHGQ,NB,NB,NB,22.627125,25885.42,True,True
FMRVATWVA,WB,SB,WB,0.73375,139.26,False,True
LMRAIICLI,SB,SB,SB,0.45675,67.71,True,True
CFSCGMCFF,NB,NB,NB,10.544875,18591.19,True,True
KAEGDVHYV,WB,WB,WB,0.88575,196.67,True,True
VLSAKCMPV,SB,SB,SB,0.11325,21.27,True,True
GMHDGAHWV,SB,SB,SB,0.043625,15.01,True,True
IQPGFKIWV,WB,WB,WB,0.687375,123.67,True,True
ESYGYLYNV,WB,WB,WB,1.017,262.26,True,True
MACAEWCMT,NB,WB,NB,9.169625,16886.75,False,True
CLIDFLIGL,SB,SB,SB,0.049,15.55,True,True
DCWVCVYME,NB,NB,NB,27.6235,27421.04,True,True
FMVFWAVNA,SB,SB,SB,0.081,18.59,True,True
PEFPWLMSF,NB,NB,NB,9.169625,16862.57,True,True
NLTNIMISV,SB,SB,SB,0.128,22.66,True,True
NIPDCSLAM,WB,WB,WB,1.9065,1248.32,True,True
TGKCVMMST,NB,WB,NB,18.52725,24421.25,False,True
IMMQIFIQI,SB,SB,SB,0.041125,14.74,True,True
SKCCHCMDT,NB,NB,NB,35.019625,29080.25,True,True
NVPGTTSCM,NB,NB,NB,4.0425,6394.6,True,True
MTSHSEIYI,WB,WB,WB,1.700125,933.26,True,True
FMWRFITFV,SB,SB,SB,0.000625,9.96,True,True
EIYDVALPV,WB,SB,WB,0.6455,110.4,False,True
NLWHWCWMG,WB,WB,WB,1.86025,1166.63,True,True
LTGSRTAQN,NB,NB,NB,31.686,28196.22,True,True
VMVDQCIDV,SB,SB,SB,0.196,30.13,True,True
RIATVRMTI,WB,WB,WB,1.46125,630.94,True,True
CAFHWYAIQ,NB,NB,NB,24.402625,26444.25,True,True
HLWFQYFMV,SB,SB,SB,0.11325,21.3,True,True
ELTGIIWHV,SB,SB,SB,0.16225,26.59,True,True
IQCCFCSTV,SB,SB,SB,0.46125,68.91,True,True
FQDFNGHQI,SB,SB,SB,0.45675,67.95,True,True
ILAGDASPT,WB,WB,WB,1.444,611.26,True,True
NINQLTAMG,NB,NB,NB,16.9735,23648.17,True,True
YLTEPMNQC,WB,WB,WB,1.11375,323.06,True,True
YIDKKWMHV,SB,SB,SB,0.225625,33.53,True,True
MQMHPFMEV,SB,SB,SB,0.07125,17.5,True,True
SFKFQMYTP,NB,NB,NB,53.486625,31108.52,True,True
KVIPEVAFI,SB,SB,SB,0.15975,26.23,True,True
IKVGAFIEA,NB,WB,NB,8.429,15715.82,False,True
HTVILTQYV,WB,WB,WB,1.27575,447.81,True,True
QMEDKTETA,WB,WB,WB,1.7905,1067.64,True,True
FLAMAVDDA,WB,SB,WB,0.687375,123.36,False,True
YVDWCNHLL,SB,SB,SB,0.2945,41.77,True,True
LAFDEYQAV,SB,SB,SB,0.468375,70.09,True,True
WLCAAMDTV,SB,SB,SB,0.1195,22.09,True,True
WVLDHNQEV,SB,SB,SB,0.217625,32.49,True,True
GMDRGIPHA,SB,WB,SB,0.4445,65.01,False,True
YPNSKAFQP,NB,NB,NB,23.491125,26233.05,True,True
VLECMWAKV,WB,SB,WB,0.9235,214.97,False,True
ITKSYLCQV,WB,WB,WB,1.437625,602.57,True,True
VMCGFWTYF,WB,WB,WB,1.71425,952.57,True,True
YIAAKDPLM,WB,WB,WB,0.85675,183.15,True,True
VLTMWQTQA,WB,WB,WB,1.25775,432.39,True,True
FCMNLTLEI,WB,WB,WB,0.952125,227.53,True,True
VIDASPQDL,WB,WB,WB,1.3785,545.17,True,True
NLMKQNVEL,SB,WB,SB,0.317125,44.34,False,True
CRRGWYIQC,NB,NB,NB,25.389875,26957.87,True,True
ANRAMAGYP,NB,NB,NB,49.96275,30839.9,True,True
EMLKSEIQV,WB,WB,WB,0.918875,211.88,True,True
SLIAHFFSA,SB,SB,SB,0.015375,12.08,True,True
FILMTFEIL,WB,WB,WB,1.07625,299.51,True,True
YGLNPITTI,WB,WB,WB,1.9915,1389.37,True,True
MQWHTSCFF,NB,WB,NB,2.39725,2214.8,False,True
YYEACQPGF,NB,NB,NB,11.11125,19097.71,True,True
KLFPCKMAL,SB,SB,SB,0.129875,22.91,True,True
ESVNAQTST,NB,NB,NB,26.4525,27020.53,True,True
SMYPQAGKV,SB,SB,SB,0.1075,20.84,True,True
ALVYKLFDL,SB,SB,SB,0.303375,42.73,True,True
VMCCWYNSA,SB,SB,SB,0.4725,71.04,True,True
SLSPPLTQA,SB,SB,SB,0.13775,23.85,True,True
LTSDMMFPA,WB,WB,WB,0.563375,89.37,True,True
LICAHMEGV,SB,WB,SB,0.345875,48.68,False,True
VVMLWSTYA,WB,WB,WB,0.771,151.21,True,True
YVVYPHMAV,WB,WB,WB,0.715625,133.17,True,True
MMDQIHTYV,SB,SB,SB,0.03825,14.51,True,True
KMMPQDDKL,SB,SB,SB,0.20825,31.53,True,True
VIYSKDFKM,WB,WB,WB,1.492375,670.28,True,True
SMYWWYVAL,SB,SB,SB,0.082375,18.8,True,True
YDMAPNTYK,NB,NB,NB,18.52725,24294.68,True,True
NMNRFQTVL,WB,WB,WB,1.86025,1178.59,True,True
NLQWKAIMV,WB,WB,WB,1.037,276.19,True,True
DLKRIKKLL,NB,NB,NB,9.7385,17587.94,True,True
AGIMRTLFH,NB,NB,NB,31.686,28422.21,True,True
HISFISYTV,SB,SB,SB,0.23575,34.73,True,True
WQGLRPQEV,WB,WB,WB,1.9215,1272.27,True,True
DLVPIEWHM,WB,WB,WB,1.929375,1298.73,True,True
FFHEATGAV,WB,WB,WB,1.8765,1201.0,True,True
PWSYTSWAL,NB,WB,NB,19.1105,24693.43,False,True
SIYFVPMIV,SB,WB,SB,0.4725,71.28,False,True
LMSSIPFLI,SB,SB,SB,0.02825,13.48,True,True
HVCGFHHWV,SB,SB,SB,0.4475,66.1,True,True
SLQQDLNFL,SB,SB,SB,0.24,35.23,True,True
MDHCGCYHS,NB,NB,NB,23.491125,26271.8,True,True
HMWKELYAI,SB,SB,SB,0.06075,16.66,True,True
TLRPQHMVI,NB,WB,NB,2.940375,3514.22,False,True
FGMDHPHGV,SB,SB,SB,0.142125,24.34,True,True
VMPDNEWKL,SB,SB,SB,0.32675,46.16,True,True
YTMKDCKNV,WB,WB,WB,0.98475,247.01,True,True
YAMHNVWEA,SB,SB,SB,0.2205,32.8,True,True
CMDELYHFL,SB,SB,SB,0.115,21.52,True,True
MLIQGMWGP,WB,WB,WB,1.437625,602.48,True,True
HLMYPASWM,WB,WB,WB,1.94675,1315.24,True,True
HSSFPADSH,NB,NB,NB,28.87425,27743.98,True,True
FMSSIMSVT,SB,SB,SB,0.24275,35.59,True,True
TLFYTTPML,SB,WB,SB,0.181125,28.69,False,True
EMDVFAVEM,WB,WB,WB,1.770375,1026.19,True,True
ATYCLNLYI,WB,WB,WB,0.68275,122.16,True,True
CICGYYPYL,SB,SB,SB,0.4935,74.96,True,True
YLLMERGRV,WB,SB,WB,0.738625,139.64,False,True
DFSQMWIHG,NB,NB,NB,36.933125,29117.97,True,True
VHEVMVTED,NB,NB,NB,41.398,29801.29,True,True
SRIECCWTV,WB,WB,WB,1.3785,541.37,True,True
FIVQSHFEV,SB,SB,SB,0.027125,13.39,True,True
TLLYQNIEI,SB,WB,SB,0.4645,69.5,False,True
GRTQWRDAL,NB,NB,NB,15.24975,22472.65,True,True
CMKHYDYCV,WB,SB,WB,1.02725,267.78,False,True
FWIDCCVGS,NB,NB,NB,8.905,16556.13,True,True
GIEVPSFDL,NB,WB,NB,5.492625,10072.96,False,True
MLWTERYEV,SB,SB,SB,0.027125,13.38,True,True
YLAHALSSI,SB,SB,SB,0.0115,11.55,True,True
AQKEDVNHV,WB,WB,WB,0.669125,117.46,True,True
EMICMVTVL,WB,WB,WB,1.3785,542.46,True,True
VQQYMLNHT,NB,NB,NB,9.44675,17119.79,True,True
FLARNGTNI,SB,SB,SB,0.4445,65.29,True,True
QQYGFCTAV,SB,SB,SB,0.264125,37.8,True,True
ALPWHMFHL,SB,SB,SB,0.067,17.18,True,True
ALWCWPMEG,WB,WB,WB,1.080875,301.41,True,True
LLADIQQEC,WB,WB,WB,1.042,276.6,True,True
YLIQALEYT,SB,SB,SB,0.142125,24.31,True,True
TMVKMDHCL,WB,WB,WB,0.691125,124.93,True,True
FVRQPWEDT,NB,NB,NB,14.512625,22097.71,True,True
LMTDLFLWV,SB,SB,SB,0.015375,12.12,True,True
CARDTVCQF,NB,NB,NB,12.687125,20787.75,True,True
FLKAWDHWT,WB,WB,WB,0.918875,210.94,True,True
PFKGLNAPL,NB,NB,NB,17.982,24035.15,True,True
RMVGLTWGV,SB,SB,SB,0.003625,10.71,True,True
VRYCCPAMT,NB,NB,NB,21.082875,25399.08,True,True
QLFSMEQHI,SB,SB,SB,0.401625,57.84,True,True
FNMQPGDYK,NB,NB,NB,13.229625,21145.42,True,True
QVYYLAILV,WB,WB,WB,1.342125,509.57,True,True
WPFYQSERR,NB,NB,NB,30.22625,27942.37,True,True
WMASRGLGL,SB,WB,SB,0.365375,52.07,False,True
WTMRWVYNM,WB,SB,WB,1.46925,637.68,False,True
FMVMITCQC,WB,SB,WB,1.25775,432.46,False,True
MMFWVLEGA,SB,SB,SB,0.065,17.01,True,True
FAMEMVANL,SB,SB,SB,0.15575,25.57,True,True
LNVNELDYW,NB,NB,NB,21.082875,25543.2,True,True
NAWGMTAYI,WB,WB,WB,1.225625,405.92,True,True
WRADYFHYH,NB,NB,NB,27.6235,27494.7,True,True
YAINVPSTM,WB,WB,WB,1.492375,669.61,True,True
YLEPAFHIY,WB,WB,WB,1.9915,1398.84,True,True
SIPRVRATV,WB,WB,WB,1.347,516.31,True,True
NINDHFTPV,SB,SB,SB,0.116875,21.71,True,True
HVWQWNTTM,WB,WB,WB,1.526875,702.63,True,True
FIHSNTPHI,SB,SB,SB,0.1075,20.83,True,True
TCCYNHWHI,NB,NB,NB,6.1835,11624.27,True,True
GMWPQIYPQ,WB,WB,WB,1.63675,849.5,True,True
CMFDPMFSP,WB,WB,WB,1.27575,445.37,True,True
YEFGWNLGM,WB,WB,WB,1.7905,1063.65,True,True
YICWFSGQM,WB,WB,WB,1.30275,472.23,True,True
EWATEKVRK,NB,NB,NB,23.491125,26280.89,True,True
TSWRYTKQR,NB,NB,NB,22.627125,26064.03,True,True
QTWGVGHNL,WB,WB,WB,1.287375,455.18,True,True
YILLTSCYA,WB,SB,WB,0.669125,118.43,False,True
GLVVPSYRM,WB,WB,WB,1.432125,597.11,True,True
CCKPYDNDH,NB,NB,NB,49.96275,30875.04,True,True
ARHGMYARM,NB,NB,NB,24.402625,26655.77,True,True
EITWVACMS,NB,NB,NB,22.627125,25915.04,True,True
KIPHVVPQL,SB,WB,SB,0.204,31.09,False,True
IQIVEFYHL,SB,SB,SB,0.481125,72.55,True,True
GVCNFHVFI,WB,SB,WB,1.02725,269.95,False,True
YTSGYCIQI,SB,SB,SB,0.337375,47.47,True,True
YVWEFREII,SB,SB,SB,0.217625,32.5,True,True
VCSWEGQLT,NB,NB,NB,16.9735,23518.87,True,True
GMSYRFFIN,NB,WB,NB,19.725125,24949.64,False,True
AISEPHNYA,WB,WB,WB,1.722375,964.63,True,True
EMDCNRDDQ,NB,NB,NB,22.627125,25846.78,True,True
VTYELTHLI,SB,SB,SB,0.185875,29.33,True,True
AQNKHDKKQ,NB,NB,NB,17.476875,23724.98,True,True
DPVMCCTMD,NB,NB,NB,35.019625,28787.02,True,True
KICPNPAPM,WB,WB,WB,1.540375,720.84,True,True
CIFPFWPAL,SB,SB,SB,0.394,56.51,True,True
CSNVSSCWW,NB,NB,NB,16.9735,23651.04,True,True
EVTENIAHV,WB,WB,WB,1.5665,751.22,True,True
MTISEKMKS,NB,NB,NB,17.476875,23895.41,True,True
PWGGCQAIK,NB,NB,NB,22.627125,26027.65,True,True
REVAYEGRH,NB,NB,NB,39.067375,29504.09,True,True
IMYGSNSKI,SB,WB,SB,0.274375,38.92,False,True
NQYPIEGPV,WB,WB,WB,1.201,382.56,True,True
GQFWPLWLL,SB,SB,SB,0.32675,46.16,True,True
WPPRYMDDD,NB,NB,NB,46.778375,30704.29,True,True
RPECFQTFQ,NB,NB,NB,46.778375,30578.63,True,True
QMPCCDVKI,WB,WB,WB,1.406875,574.0,True,True
CHWKSNYYE,NB,NB,NB,49.96275,30773.94,True,True
HIPGWHNSV,WB,WB,WB,0.96625,235.01,True,True
KCRHPECYC,NB,NB,NB,28.87425,27580.89,True,True
IVVMCEQYV,WB,WB,WB,1.763125,1020.29,True,True
MQKHITMAI,WB,WB,WB,1.342125,509.05,True,True
MTVHFWSQV,SB,SB,SB,0.454,67.19,True,True
HGSWLDQWN,NB,NB,NB,36.933125,29288.96,True,True
GVIAWHVMA,WB,WB,WB,1.891,1226.68,True,True
WLSHIFESL,SB,SB,SB,0.0455,15.3,True,True
RQVGRQHQV,SB,SB,SB,0.417,60.54,True,True
LMLDQQVTS,WB,WB,WB,1.57275,761.86,True,True
GVTESLQAV,SB,SB,SB,0.4475,65.71,True,True
QCLSHMKYT,NB,NB,NB,20.3825,25075.15,True,True
QMLRKIVKL,SB,SB,SB,0.468375,70.43,True,True
LAFYRHWMG,NB,NB,NB,18.52725,24407.73,True,True
KFYGCLTTH,NB,NB,NB,21.082875,25373.6,True,True
RLWADVMEF,WB,WB,WB,0.9965,251.58,True,True
AICEKGSFV,SB,WB,SB,0.4365,63.74,False,True
YLKKAWPRL,WB,SB,WB,0.673375,119.77,False,True
GLIESHDTV,SB,SB,SB,0.15575,25.57,True,True
FVKECEVEI,WB,WB,WB,0.942125,223.8,True,True
QLYPLISTV,SB,SB,SB,0.02475,13.28,True,True
KMENPEPFL,WB,SB,WB,0.702875,128.79,False,True
DLVEHHWAE,NB,NB,NB,9.037125,16602.26,True,True
YGVDTNPSL,WB,WB,WB,1.201,384.66,True,True
FLDYCKDCM,WB,WB,WB,1.045875,281.4,True,True
KILDTFWNI,SB,SB,SB,0.03825,14.44,True,True
KPFIVNMQC,NB,NB,NB,16.497375,23386.08,True,True
IMWCCHQLM,WB,WB,WB,0.6785,121.12,True,True
QCLTALYHG,NB,NB,NB,23.491125,26232.88,True,True
HYPRTNQTV,NB,WB,NB,7.05025,13385.12,False,True
QMFGTACQN,NB,WB,NB,9.302,16929.91,False,True
SSLFQPIAV,WB,WB,WB,1.609,810.6,True,True
ILNFTTWII,SB,WB,SB,0.345875,48.32,False,True
INFGWGKVP,NB,NB,NB,20.3825,25110.47,True,True
RMWWTSFYC,WB,WB,WB,0.58325,94.2,True,True
LQWFLEEDD,NB,NB,NB,21.082875,25347.34,True,True
VMRSYYGCV,WB,WB,WB,1.868375,1182.64,True,True
WLRDCNTQA,WB,WB,WB,0.9565,231.58,True,True
KQSHWDLGM,WB,WB,WB,1.60275,801.99,True,True
IFHQEQYLV,NB,WB,NB,4.7275,8262.18,False,True
LADLCVFAL,WB,NB,WB,1.206375,389.93,False,True
RMAWVIDAA,SB,SB,SB,0.13775,23.76,True,True
GYQNATWRH,NB,NB,NB,46.778375,30464.95,True,True
NMNIMKLFV,WB,WB,WB,0.781125,154.91,True,True
MKQKTDKEC,NB,NB,NB,41.398,29913.99,True,True
IMNPDITDV,SB,SB,SB,0.15575,25.77,True,True
YIMTEFNPI,SB,SB,SB,0.054,16.1,True,True
TLNEYSWAT,SB,SB,SB,0.420375,60.81,True,True
GMLMRWLFG,NB,WB,NB,7.538375,14248.73,False,True
WIDGPGASY,NB,NB,NB,2.940375,3515.22,True,True
IIDLRMYYA,WB,WB,WB,1.444,614.59,True,True
VQVHVEDHL,WB,WB,WB,1.22125,399.71,True,True
FFGEGYMYV,WB,WB,WB,0.6605,115.23,True,True
YMRRLQTKI,WB,SB,WB,1.206375,388.06,False,True
VMYQLLHCF,WB,WB,WB,1.85275,1157.4,True,True
DQTVMCGNM,NB,NB,NB,16.061125,23137.25,True,True
WMHIWTFVA,SB,SB,SB,0.334125,46.81,True,True
QMLGGAEQI,SB,SB,SB,0.4365,63.47,True,True
NVIIWIHGL,WB,WB,WB,0.66525,117.36,True,True
IMWSPAQPA,SB,SB,SB,0.26025,37.44,True,True
IQVKSHWLV,SB,WB,SB,0.485625,73.23,False,True
MQPFMQHNL,WB,WB,WB,1.22125,399.92,True,True
PDCIQMQMY,NB,NB,NB,35.019625,28803.37,True,True
NPYYCDIFL,NB,NB,NB,9.7385,17534.97,True,True
RLDYQCRWL,WB,WB,WB,1.48625,663.67,True,True
ELFCHNFDL,WB,SB,WB,0.68275,122.28,False,True
ISWTCMFFV,SB,WB,SB,0.33,46.67,False,True
TTCKYKCNA,NB,NB,NB,11.11125,19184.1,True,True
AQFGYTKAI,WB,WB,WB,0.58325,94.13,True,True
HLRAYNWHV,SB,WB,SB,0.202,30.77,False,True
YMMHLWDYM,SB,SB,SB,0.047125,15.41,True,True
GIITIFIML,WB,WB,WB,0.834625,173.84,True,True
PMSNFCFEI,WB,WB,WB,1.312875,480.37,True,True
MMTKWWEVA,WB,SB,WB,0.79525,160.28,False,True
TLYSLNWKV,SB,SB,SB,0.012125,11.59,True,True
QTPDLYPAL,WB,WB,WB,1.201,384.85,True,True
LIMESECFM,WB,WB,WB,0.862125,186.35,True,True
WRGSWRLAF,NB,NB,NB,30.22625,27959.67,True,True
LAPRYFYSL,WB,WB,WB,1.617,817.63,True,True
WLLNVMGAV,SB,SB,SB,0.122125,22.32,True,True
TSPVWIPMV,WB,WB,WB,1.3785,543.44,True,True
TRHMIETMS,NB,NB,NB,61.68125,31850.01,True,True
VMTPQNKTV,WB,SB,WB,0.7435,142.64,False,True
RICSPCLFL,WB,WB,WB,0.918875,212.0,True,True
SADRSMISL,WB,WB,WB,1.71425,949.85,True,True
FFFECKWGM,WB,WB,WB,1.71425,955.41,True,True
===SUMMARY===,,,,,,,
Accuracy,,0.8425,1.0000,,,,
Macro_F1,,0.8472,1.0000,,,,
NB_F1,,0.9067,1.0000,,,,
WB_F1,,0.7917,1.0000,,,,
SB_F1,,0.8434,1.0000,,,,
