protein,mutation,position,wt_aa,mut_aa,window_start,wt_peptide,mut_peptide,wt_score,mut_score,delta_score,wt_class,mut_class,effect
p53,R175H -- p53,175,R,H,167,QHMTEVVRR,QHMTEVVRH,3.6709764e-11,5.034058e-12,-3.1675707e-11,NB,NB,unchanged
p53,R175H -- p53,175,R,H,168,HMTEVVRRC,HMTEVVRHC,0.3602619,0.43150452,0.07124263,WB,WB,unchanged
p53,R175H -- p53,175,R,H,169,MTEVVRRCP,MTEVVRHCP,3.94318e-10,2.5676718e-08,2.52824e-08,NB,NB,unchanged
p53,R175H -- p53,175,R,H,170,TEVVRRCPH,TEVVRHCPH,3.1283822e-13,1.2794881e-12,9.666499e-13,NB,NB,unchanged
p53,R175H -- p53,175,R,H,171,EVVRRCPHH,EVVRHCPHH,2.4912657e-11,1.8151218e-10,1.5659953e-10,NB,NB,unchanged
p53,R175H -- p53,175,R,H,172,VVRRCPHHE,VVRHCPHHE,1.3986725e-09,1.476284e-09,7.761147e-11,NB,NB,unchanged
p53,R175H -- p53,175,R,H,173,VRRCPHHER,VRHCPHHER,1.6476754e-11,2.0069975e-09,1.9905206e-09,NB,NB,unchanged
p53,R175H -- p53,175,R,H,174,RRCPHHERC,RHCPHHERC,3.3552176e-05,1.0026494e-08,-3.354215e-05,NB,NB,unchanged
p53,R175H -- p53,175,R,H,175,RCPHHERCS,HCPHHERCS,8.856406e-12,1.4550249e-12,-7.401382e-12,NB,NB,unchanged
p53,Y220C -- p53,220,Y,C,212,FRHSVVVPY,FRHSVVVPC,0.0018645152,0.026077464,0.024212949,NB,NB,unchanged
p53,Y220C -- p53,220,Y,C,213,RHSVVVPYE,RHSVVVPCE,4.080551e-10,1.2506196e-11,-3.955489e-10,NB,NB,unchanged
p53,Y220C -- p53,220,Y,C,214,HSVVVPYEP,HSVVVPCEP,2.064538e-06,1.2704474e-07,-1.9374932e-06,NB,NB,unchanged
p53,Y220C -- p53,220,Y,C,215,SVVVPYEPP,SVVVPCEPP,5.5403066e-06,3.6233355e-06,-1.916971e-06,NB,NB,unchanged
p53,Y220C -- p53,220,Y,C,216,VVVPYEPPE,VVVPCEPPE,6.884388e-06,3.5445637e-06,-3.3398242e-06,NB,NB,unchanged
p53,Y220C -- p53,220,Y,C,217,VVPYEPPEV,VVPCEPPEV,0.49382105,0.59245974,0.09863868,WB,WB,unchanged
p53,Y220C -- p53,220,Y,C,218,VPYEPPEVG,VPCEPPEVG,1.9122248e-07,2.407811e-08,-1.6714438e-07,NB,NB,unchanged
p53,Y220C -- p53,220,Y,C,219,PYEPPEVGS,PCEPPEVGS,1.0576531e-14,1.4544443e-13,1.348679e-13,NB,NB,unchanged
p53,Y220C -- p53,220,Y,C,220,YEPPEVGSD,CEPPEVGSD,1.1684347e-08,8.346271e-12,-1.1676001e-08,NB,NB,unchanged
p53,G245S -- p53,245,G,S,237,MCNSSCMGG,MCNSSCMGS,6.482499e-09,1.3793808e-08,7.311309e-09,NB,NB,unchanged
p53,G245S -- p53,245,G,S,238,CNSSCMGGM,CNSSCMGSM,1.2265247e-06,3.6516412e-06,2.4251167e-06,NB,NB,unchanged
p53,G245S -- p53,245,G,S,239,NSSCMGGMN,NSSCMGSMN,8.29406e-12,1.5276261e-10,1.4446855e-10,NB,NB,unchanged
p53,G245S -- p53,245,G,S,240,SSCMGGMNR,SSCMGSMNR,6.246445e-08,1.7087004e-07,1.0840559e-07,NB,NB,unchanged
p53,G245S -- p53,245,G,S,241,SCMGGMNRR,SCMGSMNRR,7.618003e-08,7.652906e-09,-6.852712e-08,NB,NB,unchanged
p53,G245S -- p53,245,G,S,242,CMGGMNRRP,CMGSMNRRP,7.663221e-06,6.863823e-06,-7.9939855e-07,NB,NB,unchanged
p53,G245S -- p53,245,G,S,243,MGGMNRRPI,MGSMNRRPI,2.990066e-07,3.397511e-07,4.074451e-08,NB,NB,unchanged
p53,G245S -- p53,245,G,S,244,GGMNRRPIL,GSMNRRPIL,2.0119965e-06,0.013666468,0.013664456,NB,NB,unchanged
p53,G245S -- p53,245,G,S,245,GMNRRPILT,SMNRRPILT,0.06719126,0.15854697,0.09135571,NB,NB,unchanged
p53,R248W -- p53,248,R,W,240,SSCMGGMNR,SSCMGGMNW,6.246445e-08,1.3695006e-07,7.448561e-08,NB,NB,unchanged
p53,R248W -- p53,248,R,W,241,SCMGGMNRR,SCMGGMNWR,7.618003e-08,6.174557e-08,-1.44344625e-08,NB,NB,unchanged
p53,R248W -- p53,248,R,W,242,CMGGMNRRP,CMGGMNWRP,7.663221e-06,0.00043932514,0.00043166193,NB,NB,unchanged
p53,R248W -- p53,248,R,W,243,MGGMNRRPI,MGGMNWRPI,2.9900716e-07,1.1355171e-06,8.365099e-07,NB,NB,unchanged
p53,R248W -- p53,248,R,W,244,GGMNRRPIL,GGMNWRPIL,2.0119946e-06,4.508694e-05,4.3074946e-05,NB,NB,unchanged
p53,R248W -- p53,248,R,W,245,GMNRRPILT,GMNWRPILT,0.06719126,0.20397227,0.136781,NB,NB,ENHANCED
p53,R248W -- p53,248,R,W,246,MNRRPILTI,MNWRPILTI,0.0009182851,0.42964426,0.42872596,NB,WB,CREATED (neoepitope)
p53,R248W -- p53,248,R,W,247,NRRPILTII,NWRPILTII,0.0011008118,2.644666e-05,-0.0010743651,NB,NB,unchanged
p53,R248W -- p53,248,R,W,248,RRPILTIIT,WRPILTIIT,4.827774e-05,2.2739227e-05,-2.5538513e-05,NB,NB,unchanged
p53,R249S -- p53,249,R,S,241,SCMGGMNRR,SCMGGMNRS,7.618003e-08,2.0088116e-06,1.9326317e-06,NB,NB,unchanged
p53,R249S -- p53,249,R,S,242,CMGGMNRRP,CMGGMNRSP,7.663221e-06,1.1120868e-05,3.457647e-06,NB,NB,unchanged
p53,R249S -- p53,249,R,S,243,MGGMNRRPI,MGGMNRSPI,2.990066e-07,8.660988e-07,5.6709223e-07,NB,NB,unchanged
p53,R249S -- p53,249,R,S,244,GGMNRRPIL,GGMNRSPIL,2.0119965e-06,6.98027e-05,6.77907e-05,NB,NB,unchanged
p53,R249S -- p53,249,R,S,245,GMNRRPILT,GMNRSPILT,0.06719126,0.096493974,0.029302716,NB,NB,unchanged
p53,R249S -- p53,249,R,S,246,MNRRPILTI,MNRSPILTI,0.0009182851,0.013287581,0.012369296,NB,NB,unchanged
p53,R249S -- p53,249,R,S,247,NRRPILTII,NRSPILTII,0.0011008118,0.3036683,0.30256748,NB,WB,CREATED (neoepitope)
p53,R249S -- p53,249,R,S,248,RRPILTIIT,RSPILTIIT,4.827774e-05,0.00067275047,0.00062447274,NB,NB,unchanged
p53,R249S -- p53,249,R,S,249,RPILTIITL,SPILTIITL,0.026761431,0.021152686,-0.005608745,NB,NB,unchanged
p53,R273H -- p53,273,R,H,265,LGRNSFEVR,LGRNSFEVH,2.0626812e-12,2.6194506e-13,-1.8007361e-12,NB,NB,unchanged
p53,R273H -- p53,273,R,H,266,GRNSFEVRV,GRNSFEVHV,0.089281306,0.21039502,0.12111372,NB,NB,ENHANCED
p53,R273H -- p53,273,R,H,267,RNSFEVRVC,RNSFEVHVC,3.417622e-08,1.3696729e-06,1.3354967e-06,NB,NB,unchanged
p53,R273H -- p53,273,R,H,268,NSFEVRVCA,NSFEVHVCA,0.07328664,0.2241121,0.15082546,NB,NB,ENHANCED
p53,R273H -- p53,273,R,H,269,SFEVRVCAC,SFEVHVCAC,1.3979879e-07,1.5297977e-06,1.3899989e-06,NB,NB,unchanged
p53,R273H -- p53,273,R,H,270,FEVRVCACP,FEVHVCACP,3.556614e-08,8.037522e-08,4.4809084e-08,NB,NB,unchanged
p53,R273H -- p53,273,R,H,271,EVRVCACPG,EVHVCACPG,3.520179e-10,4.1586652e-08,4.1234635e-08,NB,NB,unchanged
p53,R273H -- p53,273,R,H,272,VRVCACPGR,VHVCACPGR,8.460403e-09,7.0428654e-12,-8.45336e-09,NB,NB,unchanged
p53,R273H -- p53,273,R,H,273,RVCACPGRD,HVCACPGRD,2.8570886e-08,3.9361487e-09,-2.4634737e-08,NB,NB,unchanged
p53,R282W -- p53,282,R,W,274,VCACPGRDR,VCACPGRDW,5.9185144e-13,1.7594423e-12,1.1675909e-12,NB,NB,unchanged
p53,R282W -- p53,282,R,W,275,CACPGRDRR,CACPGRDWR,7.6980944e-10,4.745636e-10,-2.9524583e-10,NB,NB,unchanged
p53,R282W -- p53,282,R,W,276,ACPGRDRRT,ACPGRDWRT,6.317785e-08,1.0361771e-06,9.729993e-07,NB,NB,unchanged
p53,R282W -- p53,282,R,W,277,CPGRDRRTE,CPGRDWRTE,5.521969e-16,3.5314947e-15,2.9792978e-15,NB,NB,unchanged
p53,R282W -- p53,282,R,W,278,PGRDRRTEE,PGRDWRTEE,6.5196064e-18,1.3117327e-16,1.2465366e-16,NB,NB,unchanged
p53,R282W -- p53,282,R,W,279,GRDRRTEEE,GRDWRTEEE,1.2802542e-09,7.813915e-09,6.5336607e-09,NB,NB,unchanged
p53,R282W -- p53,282,R,W,280,RDRRTEEEN,RDWRTEEEN,1.1722206e-15,4.2211495e-12,4.2199772e-12,NB,NB,unchanged
p53,R282W -- p53,282,R,W,281,DRRTEEENL,DWRTEEENL,1.455291e-09,7.487721e-11,-1.3804138e-09,NB,NB,unchanged
p53,R282W -- p53,282,R,W,282,RRTEEENLR,WRTEEENLR,2.5121158e-09,3.773262e-09,1.2611463e-09,NB,NB,unchanged
KRAS,G12D -- KRAS,12,G,D,4,YKLVVVGAG,YKLVVVGAD,5.4930583e-06,9.280794e-09,-5.4837774e-06,NB,NB,unchanged
KRAS,G12D -- KRAS,12,G,D,5,KLVVVGAGG,KLVVVGADG,0.05522493,0.007946764,-0.047278166,NB,NB,unchanged
KRAS,G12D -- KRAS,12,G,D,6,LVVVGAGGV,LVVVGADGV,0.51872087,0.75014484,0.23142397,WB,SB,ENHANCED
KRAS,G12D -- KRAS,12,G,D,7,VVVGAGGVG,VVVGADGVG,6.000905e-07,1.5257529e-06,9.2566233e-07,NB,NB,unchanged
KRAS,G12D -- KRAS,12,G,D,8,VVGAGGVGK,VVGADGVGK,7.1969305e-07,9.0443756e-08,-6.292493e-07,NB,NB,unchanged
KRAS,G12D -- KRAS,12,G,D,9,VGAGGVGKS,VGADGVGKS,3.1726568e-09,4.2232774e-08,3.906012e-08,NB,NB,unchanged
KRAS,G12D -- KRAS,12,G,D,10,GAGGVGKSA,GADGVGKSA,0.0035633445,0.027711837,0.024148492,NB,NB,unchanged
KRAS,G12D -- KRAS,12,G,D,11,AGGVGKSAL,ADGVGKSAL,6.3891747e-07,5.561707e-07,-8.2746794e-08,NB,NB,unchanged
KRAS,G12D -- KRAS,12,G,D,12,GGVGKSALT,DGVGKSALT,1.9305977e-08,1.0312089e-11,-1.9295666e-08,NB,NB,unchanged
KRAS,G12V -- KRAS,12,G,V,4,YKLVVVGAG,YKLVVVGAV,5.4930847e-06,0.49927592,0.49927044,NB,WB,CREATED (neoepitope)
KRAS,G12V -- KRAS,12,G,V,5,KLVVVGAGG,KLVVVGAVG,0.05522493,0.047187764,-0.008037165,NB,NB,unchanged
KRAS,G12V -- KRAS,12,G,V,6,LVVVGAGGV,LVVVGAVGV,0.51872087,0.8160436,0.29732275,WB,SB,ENHANCED
KRAS,G12V -- KRAS,12,G,V,7,VVVGAGGVG,VVVGAVGVG,6.000905e-07,7.755081e-05,7.695072e-05,NB,NB,unchanged
KRAS,G12V -- KRAS,12,G,V,8,VVGAGGVGK,VVGAVGVGK,7.1969305e-07,4.2306224e-06,3.5109292e-06,NB,NB,unchanged
KRAS,G12V -- KRAS,12,G,V,9,VGAGGVGKS,VGAVGVGKS,3.1726568e-09,1.2369683e-09,-1.9356885e-09,NB,NB,unchanged
KRAS,G12V -- KRAS,12,G,V,10,GAGGVGKSA,GAVGVGKSA,0.0035633445,0.0047237347,0.0011603902,NB,NB,unchanged
KRAS,G12V -- KRAS,12,G,V,11,AGGVGKSAL,AVGVGKSAL,6.3891747e-07,0.09578554,0.0957849,NB,NB,unchanged
KRAS,G12V -- KRAS,12,G,V,12,GGVGKSALT,VGVGKSALT,1.9305977e-08,9.560927e-09,-9.74505e-09,NB,NB,unchanged
KRAS,G12C -- KRAS,12,G,C,4,YKLVVVGAG,YKLVVVGAC,5.4930847e-06,6.474935e-05,5.9256265e-05,NB,NB,unchanged
KRAS,G12C -- KRAS,12,G,C,5,KLVVVGAGG,KLVVVGACG,0.05522493,0.011344612,-0.043880317,NB,NB,unchanged
KRAS,G12C -- KRAS,12,G,C,6,LVVVGAGGV,LVVVGACGV,0.51872087,0.7458308,0.22710991,WB,SB,ENHANCED
KRAS,G12C -- KRAS,12,G,C,7,VVVGAGGVG,VVVGACGVG,6.000905e-07,1.531381e-06,9.312905e-07,NB,NB,unchanged
KRAS,G12C -- KRAS,12,G,C,8,VVGAGGVGK,VVGACGVGK,7.1969305e-07,7.9550057e-07,7.580752e-08,NB,NB,unchanged
KRAS,G12C -- KRAS,12,G,C,9,VGAGGVGKS,VGACGVGKS,3.1726568e-09,1.3796985e-09,-1.7929583e-09,NB,NB,unchanged
KRAS,G12C -- KRAS,12,G,C,10,GAGGVGKSA,GACGVGKSA,0.0035633445,0.007913869,0.0043505244,NB,NB,unchanged
KRAS,G12C -- KRAS,12,G,C,11,AGGVGKSAL,ACGVGKSAL,6.3891747e-07,2.2694992e-05,2.2056074e-05,NB,NB,unchanged
KRAS,G12C -- KRAS,12,G,C,12,GGVGKSALT,CGVGKSALT,1.9305977e-08,8.789522e-10,-1.8427025e-08,NB,NB,unchanged
KRAS,G12R -- KRAS,12,G,R,4,YKLVVVGAG,YKLVVVGAR,5.4930847e-06,1.1101013e-06,-4.382983e-06,NB,NB,unchanged
KRAS,G12R -- KRAS,12,G,R,5,KLVVVGAGG,KLVVVGARG,0.05522493,0.029432407,-0.025792522,NB,NB,unchanged
KRAS,G12R -- KRAS,12,G,R,6,LVVVGAGGV,LVVVGARGV,0.51872087,0.48392844,-0.034792423,WB,WB,unchanged
KRAS,G12R -- KRAS,12,G,R,7,VVVGAGGVG,VVVGARGVG,6.000905e-07,1.4624791e-07,-4.538426e-07,NB,NB,unchanged
KRAS,G12R -- KRAS,12,G,R,8,VVGAGGVGK,VVGARGVGK,7.19691e-07,3.69171e-08,-6.8277393e-07,NB,NB,unchanged
KRAS,G12R -- KRAS,12,G,R,9,VGAGGVGKS,VGARGVGKS,3.1726388e-09,1.8524368e-10,-2.9873952e-09,NB,NB,unchanged
KRAS,G12R -- KRAS,12,G,R,10,GAGGVGKSA,GARGVGKSA,0.0035633445,1.7216751e-05,-0.0035461278,NB,NB,unchanged
KRAS,G12R -- KRAS,12,G,R,11,AGGVGKSAL,ARGVGKSAL,6.3891747e-07,0.00020745888,0.00020681997,NB,NB,unchanged
KRAS,G12R -- KRAS,12,G,R,12,GGVGKSALT,RGVGKSALT,1.9305977e-08,7.8553576e-08,5.9247597e-08,NB,NB,unchanged
KRAS,G13D -- KRAS,13,G,D,5,KLVVVGAGG,KLVVVGAGD,0.05522493,4.2064363e-05,-0.055182863,NB,NB,WEAKENED
KRAS,G13D -- KRAS,13,G,D,6,LVVVGAGGV,LVVVGAGDV,0.51872087,0.41333157,-0.1053893,WB,WB,WEAKENED
KRAS,G13D -- KRAS,13,G,D,7,VVVGAGGVG,VVVGAGDVG,6.000905e-07,6.3812677e-06,5.781177e-06,NB,NB,unchanged
KRAS,G13D -- KRAS,13,G,D,8,VVGAGGVGK,VVGAGDVGK,7.1969305e-07,7.242578e-07,4.564754e-09,NB,NB,unchanged
KRAS,G13D -- KRAS,13,G,D,9,VGAGGVGKS,VGAGDVGKS,3.1726568e-09,9.738973e-10,-2.1987594e-09,NB,NB,unchanged
KRAS,G13D -- KRAS,13,G,D,10,GAGGVGKSA,GAGDVGKSA,0.0035633445,0.026816731,0.023253387,NB,NB,unchanged
KRAS,G13D -- KRAS,13,G,D,11,AGGVGKSAL,AGDVGKSAL,6.3891747e-07,8.999867e-06,8.360949e-06,NB,NB,unchanged
KRAS,G13D -- KRAS,13,G,D,12,GGVGKSALT,GDVGKSALT,1.9305977e-08,1.3177591e-08,-6.1283867e-09,NB,NB,unchanged
KRAS,G13D -- KRAS,13,G,D,13,GVGKSALTI,DVGKSALTI,0.3488968,0.0007953478,-0.34810147,WB,NB,DESTROYED
KRAS,Q61H -- KRAS,61,Q,H,53,LDILDTAGQ,LDILDTAGH,1.4277629e-10,1.29830235e-11,-1.2979327e-10,NB,NB,unchanged
KRAS,Q61H -- KRAS,61,Q,H,54,DILDTAGQE,DILDTAGHE,3.2215236e-10,5.7357397e-10,2.514216e-10,NB,NB,unchanged
KRAS,Q61H -- KRAS,61,Q,H,55,ILDTAGQEE,ILDTAGHEE,0.0004437992,0.0022060461,0.001762247,NB,NB,unchanged
KRAS,Q61H -- KRAS,61,Q,H,56,LDTAGQEEY,LDTAGHEEY,2.2041668e-09,2.7571465e-09,5.5297966e-10,NB,NB,unchanged
KRAS,Q61H -- KRAS,61,Q,H,57,DTAGQEEYS,DTAGHEEYS,5.2097154e-10,2.5434006e-09,2.0224291e-09,NB,NB,unchanged
KRAS,Q61H -- KRAS,61,Q,H,58,TAGQEEYSA,TAGHEEYSA,0.0016361666,0.00030603955,-0.001330127,NB,NB,unchanged
KRAS,Q61H -- KRAS,61,Q,H,59,AGQEEYSAM,AGHEEYSAM,1.5567965e-06,2.925714e-06,1.3689174e-06,NB,NB,unchanged
KRAS,Q61H -- KRAS,61,Q,H,60,GQEEYSAMR,GHEEYSAMR,1.9200073e-05,1.2647438e-11,-1.920006e-05,NB,NB,unchanged
KRAS,Q61H -- KRAS,61,Q,H,61,QEEYSAMRD,HEEYSAMRD,4.6516703e-15,6.531478e-15,1.8798075e-15,NB,NB,unchanged
KRAS,Q61L -- KRAS,61,Q,L,53,LDILDTAGQ,LDILDTAGL,1.4277629e-10,8.725817e-05,8.725803e-05,NB,NB,unchanged
KRAS,Q61L -- KRAS,61,Q,L,54,DILDTAGQE,DILDTAGLE,3.2215236e-10,4.3832316e-10,1.16170795e-10,NB,NB,unchanged
KRAS,Q61L -- KRAS,61,Q,L,55,ILDTAGQEE,ILDTAGLEE,0.0004437992,0.00024107636,-0.00020272283,NB,NB,unchanged
KRAS,Q61L -- KRAS,61,Q,L,56,LDTAGQEEY,LDTAGLEEY,2.2041668e-09,3.6924658e-07,3.6704242e-07,NB,NB,unchanged
KRAS,Q61L -- KRAS,61,Q,L,57,DTAGQEEYS,DTAGLEEYS,5.2097154e-10,3.43836e-09,2.9173886e-09,NB,NB,unchanged
KRAS,Q61L -- KRAS,61,Q,L,58,TAGQEEYSA,TAGLEEYSA,0.0016361666,0.0006881267,-0.0009480399,NB,NB,unchanged
KRAS,Q61L -- KRAS,61,Q,L,59,AGQEEYSAM,AGLEEYSAM,1.5567965e-06,4.67788e-06,3.1210834e-06,NB,NB,unchanged
KRAS,Q61L -- KRAS,61,Q,L,60,GQEEYSAMR,GLEEYSAMR,1.9200073e-05,0.0070403577,0.0070211575,NB,NB,unchanged
KRAS,Q61L -- KRAS,61,Q,L,61,QEEYSAMRD,LEEYSAMRD,4.6516703e-15,3.352176e-13,3.3056595e-13,NB,NB,unchanged
KRAS,Q61R -- KRAS,61,Q,R,53,LDILDTAGQ,LDILDTAGR,1.4277657e-10,2.1606844e-10,7.329187e-11,NB,NB,unchanged
KRAS,Q61R -- KRAS,61,Q,R,54,DILDTAGQE,DILDTAGRE,3.2215358e-10,3.2630806e-10,4.1544823e-12,NB,NB,unchanged
KRAS,Q61R -- KRAS,61,Q,R,55,ILDTAGQEE,ILDTAGREE,0.0004437992,3.1961248e-05,-0.00041183794,NB,NB,unchanged
KRAS,Q61R -- KRAS,61,Q,R,56,LDTAGQEEY,LDTAGREEY,2.2041668e-09,8.5032686e-10,-1.3538399e-09,NB,NB,unchanged
KRAS,Q61R -- KRAS,61,Q,R,57,DTAGQEEYS,DTAGREEYS,5.2097154e-10,2.5560337e-10,-2.6536817e-10,NB,NB,unchanged
KRAS,Q61R -- KRAS,61,Q,R,58,TAGQEEYSA,TAGREEYSA,0.0016361666,0.00016063129,-0.0014755353,NB,NB,unchanged
KRAS,Q61R -- KRAS,61,Q,R,59,AGQEEYSAM,AGREEYSAM,1.5567965e-06,2.6295956e-08,-1.5305005e-06,NB,NB,unchanged
KRAS,Q61R -- KRAS,61,Q,R,60,GQEEYSAMR,GREEYSAMR,1.9200073e-05,2.435e-08,-1.9175723e-05,NB,NB,unchanged
KRAS,Q61R -- KRAS,61,Q,R,61,QEEYSAMRD,REEYSAMRD,4.6516703e-15,5.214656e-14,4.749489e-14,NB,NB,unchanged
KRAS,A146T -- KRAS,146,A,T,138,GIPFIETSA,GIPFIETST,0.23049669,0.0052168905,-0.2252798,NB,NB,WEAKENED
KRAS,A146T -- KRAS,146,A,T,139,IPFIETSAK,IPFIETSTK,1.8543609e-09,3.5700887e-09,1.7157278e-09,NB,NB,unchanged
KRAS,A146T -- KRAS,146,A,T,140,PFIETSAKT,PFIETSTKT,4.7897256e-08,2.6174943e-08,-2.1722313e-08,NB,NB,unchanged
KRAS,A146T -- KRAS,146,A,T,141,FIETSAKTR,FIETSTKTR,1.4055656e-05,0.00015114767,0.00013709202,NB,NB,unchanged
KRAS,A146T -- KRAS,146,A,T,142,IETSAKTRQ,IETSTKTRQ,2.6103472e-10,2.2050785e-10,-4.0526874e-11,NB,NB,unchanged
KRAS,A146T -- KRAS,146,A,T,143,ETSAKTRQG,ETSTKTRQG,3.805163e-09,8.7556223e-10,-2.9296006e-09,NB,NB,unchanged
KRAS,A146T -- KRAS,146,A,T,144,TSAKTRQGV,TSTKTRQGV,0.0119292615,0.008917359,-0.0030119028,NB,NB,unchanged
KRAS,A146T -- KRAS,146,A,T,145,SAKTRQGVD,STKTRQGVD,8.725975e-15,2.965469e-14,2.0928717e-14,NB,NB,unchanged
KRAS,A146T -- KRAS,146,A,T,146,AKTRQGVDD,TKTRQGVDD,5.3768817e-15,9.318488e-16,-4.445033e-15,NB,NB,unchanged
