protein,start_pos,peptide,p2,p9,pred_class,binding_score
WT1,126,RMFPNAPYL,M,L,SB,0.99986243
MART-1,56,ALMDKSLHV,L,V,SB,0.9998071
Tyrosinase,1,MLLAVLYCL,L,L,SB,0.9996155
Tyrosinase,369,YMNGTMSQV,M,V,SB,0.9994439
WT1,10,ALLPAVPSL,L,L,SB,0.9994303
p53,65,RMPEAAPPV,M,V,SB,0.9990056
gp100/PMEL,178,MLGTHTMEV,L,V,SB,0.9988974
gp100/PMEL,619,RLMKQDFSV,L,V,SB,0.9988664
CMV pp65,495,NLVPMVATV,L,V,SB,0.9988546
CMV pp65,522,RIFAELEGV,I,V,SB,0.998839
Tyrosinase,490,ALLAGLVSL,L,L,SB,0.9980488
WT1,187,SLGEQQYSV,L,V,SB,0.9978457
CMV pp65,40,RLLQTGIHV,L,V,SB,0.9976261
gp100/PMEL,18,LLAVGATKV,L,V,SB,0.99662966
Tyrosinase,214,FLLRWEQEI,L,I,SB,0.9955977
p53,264,LLGRNSFEV,L,V,SB,0.99516827
gp100/PMEL,606,LMAVVLASL,M,L,SB,0.99450815
CMV pp65,14,VLGPISGHV,L,V,SB,0.99396235
M1,55,RLIQNSLTI,L,I,SB,0.99349225
CMV pp65,227,YLESFCEDV,L,V,SB,0.992979
